{
  "best_params_stat": {
    "max_iter": 280,
    "max_depth": 14,
    "learning_rate": 0.011949205437527512,
    "min_samples_leaf": 19,
    "l2_regularization": 9.111845560457235
  },
  "best_params_phys": {
    "max_iter": 279,
    "max_depth": 10,
    "learning_rate": 0.015779170058001533,
    "min_samples_leaf": 30,
    "l2_regularization": 8.79852011414735
  },
  "feature_names_stat": [
    "hour",
    "day_of_week",
    "demand",
    "hour_sin",
    "hour_cos",
    "is_weekend",
    "day_of_year",
    "month",
    "coal",
    "gas",
    "price_lag_1h",
    "price_lag_24h",
    "price_lag_168h",
    "price_rolling_mean_24h",
    "price_rolling_std_24h",
    "price_rolling_mean_168h",
    "price_rolling_std_168h",
    "demand_lag_1h",
    "demand_lag_24h"
  ],
  "feature_names_phys": [
    "hour",
    "day_of_week",
    "demand",
    "hour_sin",
    "hour_cos",
    "is_weekend",
    "day_of_year",
    "month",
    "coal",
    "gas",
    "price_lag_1h",
    "price_lag_24h",
    "price_lag_168h",
    "price_rolling_mean_24h",
    "price_rolling_std_24h",
    "price_rolling_mean_168h",
    "price_rolling_std_168h",
    "demand_lag_1h",
    "demand_lag_24h",
    "utilization",
    "utilization_squared",
    "demand_ramp_1h",
    "demand_ramp_3h",
    "gas_hour_interaction",
    "total_generation"
  ],
  "model_type": "hist_gradient_boosting",
  "train_date": "2026-02-18T09:20:42.805894",
  "n_train_samples": 14571,
  "n_test_samples": 720,
  "test_size_days": 30,
  "optimized": true,
  "n_trials": 50,
  "quantiles": [
    0.1,
    0.5,
    0.9
  ],
  "mae_stat": 4.935026118497988,
  "rmse_stat": 6.524237323170718,
  "r2_stat": 0.8534576924646069,
  "mae_phys": 4.724850829591083,
  "rmse_phys": 6.309528004209221,
  "r2_phys": 0.8629442471209258,
  "improvement_pct": 4.258848562505146,
  "mae_stat_normal": 4.668920124639628,
  "mae_phys_normal": 4.562987261113474,
  "improvement_normal": 2.268894320275637,
  "mae_stat_spike": 5.5641578220088785,
  "mae_phys_spike": 5.486079164630411,
  "improvement_spike": 1.403243040117045,
  "mae_stat_low": 6.434742365853975,
  "mae_phys_low": 5.25853104237263,
  "improvement_low": 18.279074073313666,
  "coverage_stat_10": 0.0375,
  "coverage_phys_10": 0.075,
  "coverage_stat_90": 0.9444444444444444,
  "coverage_phys_90": 0.9402777777777778
}