{
  "best_params_stat": {
    "max_iter": 178,
    "max_depth": 13,
    "learning_rate": 0.023400736956391825,
    "min_samples_leaf": 69,
    "l2_regularization": 9.982835861660032
  },
  "best_params_phys": {
    "max_iter": 284,
    "max_depth": 13,
    "learning_rate": 0.019540531773787104,
    "min_samples_leaf": 86,
    "l2_regularization": 3.515216581332118
  },
  "feature_names_stat": [
    "hour",
    "day_of_week",
    "demand",
    "hour_sin",
    "hour_cos",
    "is_weekend",
    "day_of_year",
    "month",
    "nuclear",
    "price_lag_1h",
    "price_lag_24h",
    "price_lag_168h",
    "price_rolling_mean_24h",
    "price_rolling_std_24h",
    "price_rolling_mean_168h",
    "price_rolling_std_168h",
    "demand_lag_1h",
    "demand_lag_24h"
  ],
  "feature_names_phys": [
    "hour",
    "day_of_week",
    "demand",
    "hour_sin",
    "hour_cos",
    "is_weekend",
    "day_of_year",
    "month",
    "nuclear",
    "price_lag_1h",
    "price_lag_24h",
    "price_lag_168h",
    "price_rolling_mean_24h",
    "price_rolling_std_24h",
    "price_rolling_mean_168h",
    "price_rolling_std_168h",
    "demand_lag_1h",
    "demand_lag_24h",
    "utilization",
    "utilization_squared",
    "demand_ramp_1h",
    "demand_ramp_3h",
    "total_generation"
  ],
  "model_type": "hist_gradient_boosting",
  "train_date": "2026-02-18T09:45:14.758653",
  "n_train_samples": 14571,
  "n_test_samples": 720,
  "test_size_days": 30,
  "optimized": true,
  "n_trials": 50,
  "quantiles": [
    0.1,
    0.5,
    0.9
  ],
  "mae_stat": 4.037419710395635,
  "rmse_stat": 5.557314273592965,
  "r2_stat": 0.9512091429378918,
  "mae_phys": 4.143053807616492,
  "rmse_phys": 5.429758095742461,
  "r2_phys": 0.9534232163397013,
  "improvement_pct": -2.616376418554366,
  "mae_stat_normal": 3.855584822400723,
  "mae_phys_normal": 4.044511620108956,
  "improvement_normal": -4.900081476889822,
  "mae_stat_spike": 4.703687266934718,
  "mae_phys_spike": 4.825563597096885,
  "improvement_spike": -2.591080640477833,
  "mae_stat_low": 4.825831257815845,
  "mae_phys_low": 4.248881518196391,
  "improvement_low": 11.955447855434961,
  "coverage_stat_10": 0.030555555555555555,
  "coverage_phys_10": 0.0763888888888889,
  "coverage_stat_90": 0.9361111111111111,
  "coverage_phys_90": 0.8791666666666667
}