{
  "best_params_stat": {
    "max_iter": 265,
    "max_depth": 13,
    "learning_rate": 0.01909200176126606,
    "min_samples_leaf": 23,
    "l2_regularization": 8.408449703962257
  },
  "best_params_phys": {
    "max_iter": 314,
    "max_depth": 15,
    "learning_rate": 0.015051638978392508,
    "min_samples_leaf": 28,
    "l2_regularization": 7.708074647438286
  },
  "feature_names_stat": [
    "hour",
    "day_of_week",
    "demand",
    "hour_sin",
    "hour_cos",
    "is_weekend",
    "day_of_year",
    "month",
    "price_lag_1h",
    "price_lag_24h",
    "price_lag_168h",
    "price_rolling_mean_24h",
    "price_rolling_std_24h",
    "price_rolling_mean_168h",
    "price_rolling_std_168h",
    "demand_lag_1h",
    "demand_lag_24h"
  ],
  "feature_names_phys": [
    "hour",
    "day_of_week",
    "demand",
    "hour_sin",
    "hour_cos",
    "is_weekend",
    "day_of_year",
    "month",
    "price_lag_1h",
    "price_lag_24h",
    "price_lag_168h",
    "price_rolling_mean_24h",
    "price_rolling_std_24h",
    "price_rolling_mean_168h",
    "price_rolling_std_168h",
    "demand_lag_1h",
    "demand_lag_24h",
    "utilization",
    "demand_ramp_1h",
    "demand_ramp_3h"
  ],
  "model_type": "hist_gradient_boosting",
  "train_date": "2026-02-18T09:51:48.782608",
  "n_train_samples": 14571,
  "n_test_samples": 720,
  "test_size_days": 30,
  "optimized": true,
  "n_trials": 50,
  "quantiles": [
    0.1,
    0.5,
    0.9
  ],
  "mae_stat": 4.535993125037668,
  "rmse_stat": 6.245859482320494,
  "r2_stat": 0.8790446345324843,
  "mae_phys": 4.564369331167782,
  "rmse_phys": 6.23938897593084,
  "r2_phys": 0.8792951163344912,
  "improvement_pct": -0.6255786847092907,
  "mae_stat_normal": 4.553423451355699,
  "mae_phys_normal": 4.521537091728256,
  "improvement_normal": 0.7002722230446166,
  "mae_stat_spike": 5.674796567471544,
  "mae_phys_spike": 6.319054784708927,
  "improvement_spike": -11.352974676314036,
  "mae_stat_low": 3.273321698672257,
  "mae_phys_low": 3.1773073166564734,
  "improvement_low": 2.9332400189913996,
  "coverage_stat_10": 0.06944444444444445,
  "coverage_phys_10": 0.058333333333333334,
  "coverage_stat_90": 0.9305555555555556,
  "coverage_phys_90": 0.9305555555555556
}